,predictions,file_names
0,sad,57-46-04-37-87-52-73.wav
1,surprised,03-01-08-01-02-02-15.wav
2,disgust,66-89-07-78-34-70-19.wav
3,surprised,64-60-08-38-58-61-45.wav
4,neutral,18-78-01-65-98-63-41.wav
5,disgust,03-01-07-02-01-01-22.wav
6,happy,03-02-03-01-02-01-05.wav
7,surprised,71-43-08-37-86-46-11.wav
8,surprised,56-59-08-38-25-54-17.wav
9,happy,03-02-03-01-01-01-11.wav
10,calm,03-01-02-02-01-02-20.wav
11,disgust,82-51-07-84-68-78-44.wav
12,surprised,03-01-06-02-02-01-14.wav
13,calm,03-02-02-02-01-02-09.wav
14,angry,03-01-05-01-01-02-07.wav
15,angry,22-30-05-46-66-35-36.wav
16,fearful,24-93-06-40-45-32-75.wav
17,disgust,43-31-07-48-77-10-67.wav
18,neutral,03-01-01-01-01-01-23.wav
19,fearful,03-01-07-01-01-02-07.wav
20,sad,03-01-02-01-02-02-19.wav
21,neutral,03-01-02-01-02-02-09.wav
22,happy,12-58-03-13-98-65-35.wav
23,surprised,17-12-08-56-71-24-20.wav
24,sad,90-72-04-91-88-10-18.wav
25,fearful,50-88-06-19-54-13-94.wav
26,fearful,03-01-06-01-01-01-06.wav
27,disgust,14-59-07-94-77-66-81.wav
28,neutral,03-02-01-01-01-02-06.wav
29,happy,03-02-03-02-02-02-14.wav
30,sad,03-02-04-02-02-01-08.wav
31,surprised,10-69-08-98-85-61-92.wav
32,neutral,44-17-01-56-40-41-98.wav
33,angry,86-52-05-75-19-64-32.wav
34,disgust,50-30-07-31-75-18-93.wav
35,neutral,03-02-01-01-02-02-11.wav
36,calm,03-02-02-01-02-02-08.wav
37,angry,03-02-06-02-01-02-22.wav
38,fearful,98-86-06-16-35-66-50.wav
39,calm,03-02-02-02-01-01-02.wav
40,happy,03-01-03-01-02-02-18.wav
41,neutral,03-01-01-01-02-02-21.wav
42,angry,70-45-05-98-53-12-92.wav
43,neutral,60-43-01-39-87-88-90.wav
44,sad,34-37-04-88-67-62-83.wav
45,happy,62-27-03-95-35-88-90.wav
46,surprised,85-97-08-22-58-59-80.wav
47,happy,71-72-03-43-59-50-25.wav
48,sad,24-66-04-33-86-43-31.wav
49,surprised,70-59-08-93-71-60-33.wav
50,disgust,28-25-07-59-94-67-64.wav
51,happy,03-02-03-02-01-02-14.wav
52,fearful,91-36-06-28-58-54-53.wav
53,happy,36-73-03-88-37-26-80.wav
54,fearful,86-17-06-13-36-11-15.wav
55,happy,28-60-03-37-63-84-33.wav
56,surprised,44-25-08-37-93-16-69.wav
57,angry,03-02-05-01-02-01-19.wav
58,fearful,64-67-06-23-90-58-79.wav
59,fearful,20-69-06-72-78-54-22.wav
60,disgust,63-46-07-65-55-24-40.wav
61,neutral,03-02-01-01-02-02-08.wav
62,happy,03-01-03-02-01-01-10.wav
63,fearful,67-68-06-33-43-12-11.wav
64,disgust,13-86-07-14-30-55-95.wav
65,disgust,03-01-07-01-02-02-12.wav
66,angry,37-32-05-89-11-27-56.wav
67,disgust,24-55-07-32-65-26-89.wav
68,surprised,32-56-08-34-57-29-85.wav
69,disgust,52-60-07-37-31-61-84.wav
70,disgust,67-86-07-68-76-16-44.wav
71,disgust,03-01-07-01-01-02-01.wav
72,angry,95-36-05-35-77-68-53.wav
73,fearful,03-01-07-02-01-01-12.wav
74,sad,03-01-02-02-02-01-05.wav
75,neutral,03-02-01-01-01-01-19.wav
76,fearful,03-01-06-02-02-01-12.wav
77,angry,19-39-05-87-49-59-53.wav
78,calm,03-02-02-02-02-02-22.wav
79,happy,45-66-03-71-63-26-31.wav
80,happy,03-02-03-02-01-02-24.wav
81,neutral,98-46-01-85-27-18-33.wav
82,neutral,90-47-01-20-86-35-57.wav
83,surprised,47-87-08-10-51-34-39.wav
84,disgust,32-89-07-67-29-20-13.wav
85,sad,71-92-04-13-31-69-38.wav
86,surprised,52-23-08-65-87-93-84.wav
87,neutral,96-94-01-37-36-56-55.wav
88,disgust,78-73-07-84-82-38-52.wav
89,happy,03-02-03-02-02-02-09.wav
90,neutral,59-21-01-72-41-85-17.wav
91,sad,03-01-04-01-01-02-06.wav
92,fearful,03-02-06-01-02-01-21.wav
93,sad,46-95-04-33-34-13-12.wav
94,happy,03-01-03-01-02-01-04.wav
95,sad,03-02-04-01-01-02-15.wav
96,sad,03-01-07-01-01-01-15.wav
97,fearful,35-91-06-82-26-92-61.wav
98,neutral,03-02-01-01-01-02-08.wav
99,fearful,03-02-04-02-02-02-12.wav
100,fearful,03-01-06-01-01-02-05.wav
101,calm,03-01-02-01-02-01-18.wav
102,neutral,03-01-01-01-02-01-04.wav
103,sad,03-01-04-01-01-01-10.wav
104,happy,84-87-03-77-45-26-34.wav
105,sad,19-69-04-61-54-16-32.wav
106,angry,51-53-05-66-16-17-93.wav
107,disgust,03-01-07-01-01-02-03.wav
108,surprised,03-01-08-01-02-02-16.wav
109,surprised,40-33-08-18-44-17-13.wav
110,angry,03-02-05-02-02-01-22.wav
111,happy,03-01-08-02-01-02-03.wav
112,fearful,40-20-06-72-42-87-35.wav
113,sad,11-69-04-24-60-43-65.wav
114,angry,79-33-05-96-56-28-36.wav
115,angry,03-02-05-02-01-01-20.wav
116,disgust,97-78-07-52-81-49-83.wav
117,sad,03-01-01-01-01-02-12.wav
118,sad,03-02-04-01-02-01-23.wav
119,sad,03-01-04-02-02-01-24.wav
120,happy,21-19-03-53-98-81-87.wav
121,angry,03-02-06-02-01-01-15.wav
122,happy,38-42-03-56-45-22-95.wav
123,sad,54-30-04-22-98-37-49.wav
124,angry,26-55-05-57-46-68-30.wav
125,calm,03-02-02-01-01-02-10.wav
126,angry,03-01-05-01-01-01-16.wav
127,fearful,56-66-06-32-27-36-64.wav
128,fearful,03-01-06-02-02-01-03.wav
129,surprised,57-80-08-50-64-62-23.wav
130,fearful,03-02-06-02-01-02-09.wav
131,sad,03-02-04-02-02-01-23.wav
132,sad,64-93-04-44-23-72-50.wav
133,angry,38-75-05-70-17-15-37.wav
134,sad,66-47-04-95-91-57-44.wav
135,disgust,93-44-07-28-67-16-83.wav
136,happy,26-28-03-60-24-15-23.wav
137,calm,03-02-02-01-01-02-05.wav
138,surprised,10-98-08-96-40-13-39.wav
139,fearful,03-02-05-01-02-01-20.wav
140,happy,42-10-03-24-76-55-68.wav
141,surprised,37-51-08-74-35-68-31.wav
142,neutral,70-41-01-54-93-78-97.wav
143,sad,03-02-04-01-01-01-14.wav
144,calm,03-02-02-02-01-02-10.wav
145,surprised,03-01-08-02-02-02-21.wav
146,sad,03-01-05-01-02-01-04.wav
147,surprised,18-74-08-90-54-65-69.wav
148,calm,03-01-05-01-01-01-17.wav
149,angry,03-01-05-01-01-02-03.wav
150,sad,15-78-04-16-46-88-74.wav
151,neutral,03-01-07-01-01-01-02.wav
152,neutral,03-01-01-01-02-02-15.wav
153,surprised,25-28-08-30-45-94-62.wav
154,neutral,35-29-01-46-76-21-63.wav
155,fearful,53-96-06-14-19-41-36.wav
156,neutral,39-69-01-19-48-89-28.wav
157,fearful,16-54-06-23-12-59-10.wav
158,neutral,31-47-01-37-78-79-81.wav
159,disgust,19-74-07-34-41-37-36.wav
160,sad,40-71-04-10-82-11-23.wav
161,angry,22-94-05-86-32-74-90.wav
162,neutral,91-47-01-54-23-42-62.wav
163,happy,96-31-06-61-90-48-29.wav
164,sad,03-02-04-01-01-01-04.wav
165,happy,58-80-03-46-96-75-38.wav
166,fearful,48-14-06-68-87-15-40.wav
167,disgust,89-28-07-74-39-12-77.wav
168,angry,03-02-06-02-01-01-24.wav
169,sad,31-97-04-38-65-54-63.wav
170,sad,68-49-04-77-26-41-75.wav
171,neutral,03-02-01-01-01-01-23.wav
172,angry,87-63-05-11-15-68-88.wav
173,disgust,84-26-07-81-15-93-38.wav
174,fearful,03-01-03-02-01-02-06.wav
175,calm,03-01-02-02-01-01-01.wav
176,fearful,61-54-06-16-27-31-87.wav
177,happy,03-01-05-01-02-02-10.wav
178,sad,83-98-04-68-26-35-53.wav
179,fearful,43-60-06-52-75-13-18.wav
180,neutral,27-53-01-84-66-56-31.wav
181,surprised,03-01-05-01-02-01-23.wav
182,neutral,03-01-01-01-02-01-23.wav
183,surprised,03-01-08-01-01-02-09.wav
184,angry,23-53-05-65-14-72-95.wav
185,neutral,15-29-01-92-32-40-18.wav
186,neutral,15-21-01-37-17-84-70.wav
187,angry,03-01-05-02-02-01-03.wav
188,happy,40-28-03-75-23-89-43.wav
189,happy,03-02-03-02-02-02-23.wav
190,sad,03-01-04-01-02-01-08.wav
191,fearful,03-01-04-02-01-02-21.wav
192,surprised,45-61-08-17-16-18-44.wav
193,neutral,79-81-01-80-68-51-49.wav
194,happy,03-01-07-01-02-01-22.wav
195,fearful,88-67-06-36-97-37-81.wav
196,fearful,87-22-06-35-30-62-78.wav
197,disgust,55-69-07-89-66-53-88.wav
198,fearful,03-02-06-01-01-02-20.wav
199,fearful,68-80-06-42-19-84-18.wav
200,happy,14-43-03-81-30-97-37.wav
201,fearful,22-72-06-37-73-87-48.wav
202,neutral,82-62-01-59-38-56-15.wav
203,fearful,68-57-06-28-89-44-86.wav
204,disgust,13-73-07-90-75-19-48.wav
205,fearful,03-01-04-02-01-02-16.wav
206,neutral,25-40-01-84-47-92-29.wav
207,fearful,03-01-06-01-01-02-23.wav
208,sad,27-46-04-87-77-96-44.wav
209,happy,43-19-03-24-87-27-74.wav
210,neutral,68-61-01-33-32-59-87.wav
211,neutral,03-02-01-01-02-02-19.wav
212,happy,03-01-06-02-02-02-07.wav
213,angry,64-58-05-32-28-14-91.wav
214,disgust,22-43-07-84-45-53-13.wav
215,disgust,94-41-07-65-24-54-71.wav
216,fearful,22-55-06-73-69-67-76.wav
217,happy,69-29-03-15-49-17-18.wav
218,calm,03-01-02-01-01-02-03.wav
219,fearful,25-56-06-15-74-37-75.wav
220,disgust,82-73-07-89-40-98-44.wav
221,sad,03-01-04-02-01-02-23.wav
222,angry,96-77-05-50-70-59-73.wav
223,surprised,51-38-08-69-77-24-35.wav
224,sad,03-01-02-01-02-01-24.wav
225,sad,03-01-02-01-02-02-05.wav
226,sad,03-01-04-01-02-02-21.wav
227,surprised,60-48-08-77-98-84-97.wav
228,surprised,11-15-08-73-93-20-14.wav
229,disgust,27-26-07-48-75-47-30.wav
230,fearful,73-96-06-24-69-78-60.wav
231,happy,03-01-03-02-02-01-04.wav
232,angry,96-81-05-25-79-31-94.wav
233,fearful,39-58-06-32-25-94-65.wav
234,fearful,03-01-06-02-01-02-10.wav
235,sad,03-02-04-02-01-01-07.wav
236,neutral,03-02-01-01-01-01-21.wav
237,neutral,80-72-01-98-85-48-32.wav
238,neutral,03-02-01-01-01-01-03.wav
239,calm,03-02-02-02-01-02-23.wav
240,fearful,03-01-06-02-02-02-19.wav
241,angry,03-02-05-02-01-01-13.wav
242,fearful,50-88-06-72-78-13-54.wav
243,calm,03-01-02-01-02-01-12.wav
244,sad,52-93-07-69-10-46-63.wav
245,calm,03-02-02-01-01-02-11.wav
246,happy,03-01-03-02-01-02-01.wav
247,fearful,45-80-06-81-14-93-26.wav
248,happy,58-73-03-84-29-41-86.wav
249,happy,03-02-03-02-02-01-02.wav
250,sad,82-66-04-80-67-10-14.wav
251,disgust,44-91-07-47-79-20-90.wav
252,fearful,03-02-06-02-01-01-17.wav
253,surprised,37-85-08-72-93-84-58.wav
254,surprised,29-26-08-88-72-95-82.wav
255,surprised,19-29-08-65-57-22-73.wav
256,disgust,79-50-07-68-89-58-38.wav
257,calm,03-02-02-01-01-01-20.wav
258,happy,03-01-03-01-02-01-12.wav
259,disgust,03-01-05-01-01-02-11.wav
260,happy,03-01-08-01-01-02-13.wav
261,happy,03-02-03-01-02-01-01.wav
262,fearful,03-02-06-02-02-02-20.wav
263,sad,87-62-04-15-64-90-55.wav
264,surprised,89-80-08-44-90-87-83.wav
265,angry,89-65-05-36-77-60-13.wav
266,calm,03-02-02-02-02-01-11.wav
267,disgust,18-40-07-53-57-73-14.wav
268,angry,66-81-05-36-77-63-20.wav
269,sad,66-60-04-37-14-93-94.wav
270,angry,03-02-05-01-01-02-11.wav
271,disgust,79-24-07-42-53-20-97.wav
272,neutral,84-22-01-15-33-71-47.wav
273,neutral,03-01-02-02-01-02-13.wav
274,calm,03-02-02-01-01-02-23.wav
275,sad,48-52-04-16-63-30-43.wav
276,fearful,03-02-06-02-02-02-04.wav
277,surprised,93-42-08-97-71-88-45.wav
278,neutral,03-02-01-01-02-02-03.wav
279,disgust,03-01-07-02-01-01-01.wav
280,happy,83-51-03-97-80-77-45.wav
281,neutral,92-75-01-51-76-44-83.wav
282,angry,60-89-05-49-48-84-91.wav
283,surprised,03-01-05-01-01-01-14.wav
284,fearful,03-01-07-01-02-02-13.wav
285,angry,25-56-05-60-51-63-48.wav
286,fearful,24-20-06-53-68-95-17.wav
287,sad,03-01-07-01-01-02-17.wav
288,sad,03-02-04-02-02-02-08.wav
289,happy,64-74-03-23-44-80-49.wav
290,happy,46-61-03-62-67-72-87.wav
291,disgust,49-91-07-53-78-72-48.wav
292,happy,03-01-03-01-02-02-07.wav
293,angry,19-56-05-72-43-86-64.wav
294,angry,03-02-05-02-02-02-23.wav
295,sad,16-63-04-19-72-22-11.wav
296,fearful,03-02-06-02-01-02-12.wav
297,disgust,43-89-07-33-94-68-93.wav
298,fearful,33-38-06-57-59-96-54.wav
299,surprised,61-98-08-76-20-55-40.wav
300,angry,91-21-05-81-51-41-15.wav
301,happy,19-16-03-61-32-72-43.wav
302,calm,03-02-02-02-02-01-05.wav
303,surprised,12-26-08-97-74-75-51.wav
304,fearful,68-52-06-57-65-86-15.wav
305,sad,12-95-04-20-15-36-80.wav
306,sad,03-01-07-01-01-01-06.wav
307,surprised,39-69-08-92-81-94-70.wav
308,disgust,25-27-07-94-98-74-53.wav
309,sad,03-01-04-01-01-02-02.wav
310,fearful,03-02-06-01-01-01-08.wav
311,sad,03-02-04-01-02-01-07.wav
312,angry,77-87-05-94-21-18-14.wav
313,angry,25-96-05-64-63-44-48.wav
314,calm,03-02-02-01-02-01-22.wav
315,surprised,56-34-08-60-70-10-16.wav
316,disgust,97-14-07-59-75-15-30.wav
317,calm,03-02-02-01-02-01-15.wav
318,happy,15-89-03-93-29-14-80.wav
319,disgust,43-83-07-80-45-82-27.wav
320,calm,03-02-02-02-02-01-04.wav
321,happy,03-02-03-02-02-01-11.wav
322,calm,03-02-02-01-02-02-16.wav
323,angry,22-69-05-25-80-90-10.wav
324,neutral,74-84-01-80-85-53-25.wav
325,calm,03-02-02-01-01-01-15.wav
326,fearful,42-67-06-73-40-94-90.wav
327,happy,42-84-03-36-34-98-91.wav
328,sad,03-01-02-01-01-01-20.wav
329,happy,03-01-06-01-01-02-18.wav
330,happy,03-02-03-02-02-01-01.wav
331,sad,93-90-04-68-92-54-28.wav
332,surprised,47-22-08-76-78-19-30.wav
333,disgust,81-37-07-50-86-68-48.wav
334,fearful,03-01-07-02-01-01-06.wav
335,calm,03-02-02-01-02-02-24.wav
336,fearful,03-01-06-02-01-01-02.wav
337,fearful,03-01-05-01-01-02-20.wav
338,fearful,03-01-06-01-02-01-06.wav
339,surprised,03-01-08-02-02-02-01.wav
340,happy,13-43-03-18-76-25-61.wav
341,happy,95-93-03-82-59-40-22.wav
342,angry,37-94-05-10-30-62-51.wav
343,angry,03-02-05-02-02-01-15.wav
344,surprised,03-01-07-02-02-01-19.wav
345,fearful,03-01-06-02-01-02-22.wav
346,neutral,03-01-01-01-01-02-20.wav
347,calm,03-02-02-02-01-02-07.wav
348,angry,71-15-05-69-40-22-66.wav
349,angry,50-98-05-68-64-44-38.wav
350,fearful,03-01-06-02-01-02-15.wav
351,fearful,03-01-06-01-02-02-23.wav
352,disgust,85-78-07-64-11-13-57.wav
353,sad,50-44-04-35-26-28-55.wav
354,happy,48-39-03-18-74-33-80.wav
355,neutral,03-01-03-01-02-01-09.wav
356,neutral,03-02-01-01-02-01-17.wav
357,disgust,88-22-07-26-71-31-75.wav
358,fearful,25-20-06-74-27-85-17.wav
359,sad,03-02-04-02-02-02-15.wav
360,sad,63-87-04-84-13-88-55.wav
361,neutral,20-24-01-59-12-22-31.wav
362,fearful,03-01-03-02-02-02-23.wav
363,surprised,61-53-08-23-49-12-57.wav
364,calm,03-01-02-02-01-01-03.wav
365,neutral,19-36-01-76-41-20-96.wav
366,sad,19-57-04-73-12-49-34.wav
367,disgust,03-01-07-01-02-01-23.wav
368,sad,03-01-06-01-01-02-10.wav
369,neutral,48-54-01-74-41-96-22.wav
370,disgust,33-67-07-49-40-47-11.wav
371,happy,77-45-03-29-92-36-16.wav
372,happy,10-88-03-36-26-12-52.wav
373,fearful,03-01-02-02-02-02-16.wav
374,calm,03-01-02-02-02-01-11.wav
375,surprised,03-01-05-01-02-02-23.wav
376,calm,03-01-02-02-01-02-01.wav
377,angry,03-01-05-01-01-01-15.wav
378,neutral,10-79-01-28-46-68-62.wav
379,neutral,17-92-01-39-23-75-10.wav
380,happy,03-02-03-02-01-01-07.wav
381,fearful,51-77-06-26-38-91-41.wav
382,fearful,11-55-06-75-38-74-28.wav
383,angry,70-25-05-52-72-23-30.wav
384,happy,27-52-03-17-54-12-13.wav
385,sad,95-30-04-31-23-96-13.wav
386,angry,74-43-05-90-75-59-85.wav
387,neutral,03-01-01-01-01-01-21.wav
388,surprised,03-01-08-02-02-01-13.wav
389,disgust,98-23-07-90-74-33-50.wav
390,sad,12-52-04-15-58-27-65.wav
391,angry,58-89-05-26-46-91-31.wav
392,angry,66-45-05-43-19-61-17.wav
393,neutral,03-02-01-01-01-01-10.wav
394,fearful,03-02-06-02-02-02-10.wav
395,fearful,03-02-06-01-02-01-22.wav
396,neutral,03-01-01-01-02-02-18.wav
397,sad,03-01-04-02-02-02-18.wav
398,disgust,85-97-07-14-68-77-11.wav
399,sad,03-02-04-01-02-01-19.wav
400,calm,03-02-02-01-02-01-13.wav
401,disgust,95-56-07-74-50-55-17.wav
402,sad,03-02-04-02-02-02-11.wav
403,disgust,87-70-07-20-52-11-75.wav
404,angry,03-01-07-02-01-01-14.wav
405,fearful,42-92-06-18-45-43-97.wav
406,neutral,50-89-01-56-23-46-44.wav
407,sad,03-01-04-02-01-02-24.wav
408,neutral,48-65-01-89-67-23-71.wav
409,sad,42-67-04-14-57-94-93.wav
410,sad,03-02-04-01-02-01-02.wav
411,fearful,03-02-06-01-01-01-09.wav
412,angry,03-01-05-02-01-01-21.wav
413,happy,76-88-03-84-35-52-24.wav
414,neutral,30-82-01-16-11-90-64.wav
415,surprised,26-48-08-60-84-14-15.wav
416,fearful,03-01-01-01-02-01-10.wav
417,sad,52-28-04-89-24-47-71.wav
418,fearful,64-63-06-98-25-21-30.wav
419,sad,82-68-04-25-80-73-87.wav
420,sad,03-01-04-02-02-02-20.wav
421,sad,03-02-04-01-01-01-23.wav
422,fearful,59-26-06-62-48-98-88.wav
423,surprised,16-31-08-73-95-66-38.wav
424,sad,03-01-02-02-02-01-24.wav
425,sad,42-85-04-89-30-74-29.wav
426,calm,03-01-02-02-01-02-08.wav
427,surprised,47-87-08-88-14-96-23.wav
428,happy,03-01-03-01-02-01-15.wav
429,calm,03-02-02-01-02-02-22.wav
430,disgust,30-49-07-44-74-76-17.wav
431,surprised,42-51-08-27-75-31-44.wav
432,sad,03-02-04-02-02-01-15.wav
433,happy,03-01-03-01-01-01-03.wav
434,fearful,03-02-06-02-02-01-16.wav
435,surprised,39-65-08-25-90-70-87.wav
436,happy,03-01-03-01-01-01-02.wav
437,neutral,53-79-01-57-38-22-33.wav
438,disgust,59-18-07-20-70-19-12.wav
439,calm,03-02-02-02-01-01-09.wav
440,neutral,03-01-02-01-01-02-16.wav
441,neutral,41-16-01-87-35-34-48.wav
442,angry,68-50-05-81-44-83-14.wav
443,neutral,27-60-01-80-17-94-88.wav
444,angry,03-02-05-02-02-01-24.wav
445,fearful,92-43-06-81-50-21-41.wav
446,fearful,03-02-06-02-01-01-03.wav
447,sad,03-02-02-02-02-02-13.wav
448,angry,59-39-05-70-92-17-42.wav
449,sad,03-02-04-02-01-01-19.wav
450,happy,03-02-02-02-02-02-16.wav
451,happy,81-54-03-46-57-41-93.wav
452,surprised,82-51-08-18-91-98-43.wav
453,sad,03-01-04-02-02-02-08.wav
454,fearful,03-02-06-02-02-02-09.wav
455,happy,03-02-03-01-01-02-24.wav
456,neutral,94-40-01-67-36-27-33.wav
457,neutral,54-82-01-74-12-97-92.wav
458,sad,03-01-04-02-01-02-04.wav
459,sad,33-89-04-82-50-55-13.wav
460,neutral,86-69-01-56-45-95-40.wav
461,sad,34-76-04-45-19-43-87.wav
462,angry,03-01-05-02-01-02-02.wav
463,disgust,56-27-07-22-61-81-80.wav
464,fearful,03-01-04-02-01-02-15.wav
465,angry,03-02-05-02-01-02-24.wav
466,surprised,03-01-08-02-01-02-18.wav
467,angry,03-01-05-02-02-01-17.wav
468,sad,03-02-04-02-01-01-13.wav
469,disgust,17-14-07-75-51-15-36.wav
470,surprised,69-49-08-72-14-95-65.wav
471,angry,58-62-05-38-53-84-34.wav
472,surprised,03-01-08-02-02-02-04.wav
473,sad,03-01-01-01-02-01-24.wav
474,sad,17-33-04-46-96-62-73.wav
475,angry,27-64-05-78-68-82-43.wav
476,happy,03-01-06-02-01-01-11.wav
477,neutral,97-58-01-92-82-24-12.wav
478,happy,49-69-03-41-93-67-97.wav
479,angry,03-01-05-02-01-02-15.wav
480,neutral,13-22-01-11-23-79-67.wav
481,fearful,67-63-06-53-50-75-17.wav
482,angry,03-01-06-02-02-02-20.wav
483,fearful,26-18-06-65-70-71-89.wav
484,fearful,49-34-06-94-95-64-41.wav
485,fearful,03-01-06-01-02-02-09.wav
486,calm,03-01-02-02-01-02-02.wav
487,happy,03-01-03-02-02-02-22.wav
488,neutral,10-24-01-88-47-50-55.wav
489,fearful,20-45-06-17-67-92-10.wav
490,disgust,44-47-07-35-73-56-34.wav
491,happy,65-50-03-87-82-94-12.wav
492,angry,68-87-05-43-55-46-62.wav
493,angry,31-24-05-67-11-71-60.wav
494,surprised,03-01-08-01-02-01-03.wav
495,happy,03-01-03-02-01-02-12.wav
496,sad,03-02-04-02-02-01-20.wav
497,angry,03-01-05-01-02-01-01.wav
498,disgust,03-01-07-02-01-01-08.wav
499,sad,03-02-04-02-02-02-17.wav
500,fearful,91-56-06-73-61-29-12.wav
501,surprised,93-36-08-86-61-75-76.wav
502,neutral,22-54-01-50-37-21-57.wav
503,happy,03-02-03-01-02-01-20.wav
504,angry,68-22-05-17-86-25-61.wav
505,fearful,03-01-06-02-02-01-22.wav
506,angry,03-01-05-02-01-01-07.wav
507,disgust,03-01-07-02-01-01-24.wav
508,angry,40-93-05-24-21-36-43.wav
509,angry,58-40-05-63-13-39-14.wav
510,disgust,74-87-07-83-92-21-44.wav
511,fearful,03-01-06-02-02-01-21.wav
512,neutral,77-28-01-24-50-42-64.wav
513,happy,03-02-03-02-02-02-10.wav
514,sad,03-01-08-02-02-02-06.wav
515,sad,58-29-04-90-64-69-10.wav
516,neutral,66-52-01-21-74-89-55.wav
517,fearful,03-01-06-02-02-01-08.wav
518,sad,39-93-04-58-13-44-24.wav
519,sad,03-01-04-02-01-02-09.wav
520,neutral,03-02-01-01-01-02-10.wav
521,sad,03-01-04-02-01-01-21.wav
522,sad,03-02-04-02-02-02-03.wav
523,neutral,59-24-01-41-72-88-78.wav
524,sad,37-23-04-31-93-83-36.wav
525,neutral,03-01-03-01-01-01-09.wav
526,surprised,03-01-08-02-02-01-12.wav
527,angry,28-84-05-18-39-29-65.wav
528,neutral,89-14-01-46-24-74-82.wav
529,sad,86-36-04-31-98-46-29.wav
530,angry,03-02-05-02-02-02-09.wav
531,sad,80-32-04-33-85-11-49.wav
532,surprised,76-84-08-28-60-19-88.wav
533,sad,03-01-01-01-02-02-03.wav
534,calm,03-02-02-01-02-02-19.wav
535,disgust,12-19-07-21-67-35-82.wav
536,disgust,03-01-08-01-01-01-14.wav
537,angry,63-15-05-54-77-27-40.wav
538,happy,03-01-04-01-02-01-15.wav
539,angry,03-02-05-02-02-02-22.wav
540,neutral,19-81-01-37-20-14-41.wav
541,disgust,03-01-07-02-01-02-22.wav
542,angry,32-21-05-87-64-20-52.wav
543,fearful,59-23-06-80-34-41-54.wav
544,sad,03-02-04-01-01-02-11.wav
545,calm,03-01-02-02-02-02-17.wav
546,neutral,03-02-01-01-01-01-08.wav
547,fearful,03-01-06-02-02-02-15.wav
548,fearful,03-02-06-02-02-01-19.wav
549,neutral,03-01-02-02-02-02-22.wav
550,happy,97-98-03-34-77-95-89.wav
551,sad,03-02-04-02-02-01-17.wav
552,happy,03-02-03-01-02-02-08.wav
553,fearful,92-75-06-52-97-58-27.wav
554,fearful,03-02-06-02-01-02-17.wav
555,fearful,76-18-06-63-23-25-95.wav
556,angry,03-01-05-01-02-01-08.wav
557,happy,03-01-03-01-01-02-24.wav
558,fearful,32-84-06-89-50-11-38.wav
559,surprised,45-81-08-48-38-76-70.wav
560,surprised,03-01-08-02-01-01-23.wav
561,angry,03-01-05-01-02-01-17.wav
562,disgust,25-85-07-54-42-34-76.wav
563,angry,80-87-05-57-17-64-51.wav
564,sad,03-02-04-02-01-01-05.wav
565,fearful,74-57-06-95-92-26-65.wav
566,angry,03-01-07-02-01-02-18.wav
567,disgust,35-22-07-41-10-39-87.wav
568,sad,03-01-04-01-01-02-09.wav
569,fearful,03-01-06-01-01-02-07.wav
570,happy,03-01-08-01-01-02-06.wav
571,sad,03-02-04-02-02-02-05.wav
572,neutral,12-42-01-67-73-90-16.wav
573,sad,88-47-04-96-93-34-70.wav
574,surprised,03-01-05-01-02-01-02.wav
575,sad,86-53-04-78-33-94-18.wav
576,disgust,77-54-07-72-52-70-17.wav
577,sad,86-67-04-79-45-19-96.wav
578,sad,21-48-04-54-92-53-73.wav
579,fearful,03-01-06-02-02-01-19.wav
580,happy,03-01-03-02-02-01-01.wav
581,surprised,18-14-08-36-61-39-73.wav
582,calm,03-02-02-01-01-01-17.wav
583,angry,23-78-05-90-50-41-25.wav
584,happy,53-28-03-48-11-77-84.wav
585,happy,32-26-03-28-78-68-98.wav
586,sad,03-01-04-02-01-01-16.wav
587,fearful,70-24-06-54-32-38-95.wav
588,surprised,03-01-08-02-01-01-03.wav
589,sad,39-10-04-47-43-14-28.wav
590,happy,03-02-03-02-01-01-06.wav
591,disgust,59-35-07-17-22-89-76.wav
592,happy,03-02-03-02-02-02-16.wav
593,neutral,27-24-01-10-35-52-54.wav
594,surprised,77-93-08-21-38-46-64.wav
595,neutral,22-54-01-29-15-18-61.wav
596,surprised,36-98-08-34-61-55-83.wav
597,fearful,73-40-06-54-47-10-58.wav
598,disgust,03-01-07-01-02-01-19.wav
599,neutral,03-01-01-01-01-02-19.wav
600,surprised,61-27-08-22-93-55-11.wav
601,fearful,50-38-06-30-37-44-17.wav
602,neutral,88-20-01-95-68-76-60.wav
603,sad,93-78-04-83-30-11-27.wav
604,sad,25-34-04-90-67-63-43.wav
605,happy,03-02-03-01-02-01-19.wav
606,disgust,37-80-07-19-59-94-55.wav
607,fearful,03-01-06-01-01-01-04.wav
608,surprised,03-01-07-02-01-02-17.wav
609,surprised,03-01-08-01-02-01-09.wav
610,neutral,15-31-01-93-22-48-69.wav
611,angry,84-28-05-21-95-93-80.wav
612,neutral,03-02-01-01-01-02-22.wav
613,happy,03-02-02-01-01-02-01.wav
614,angry,39-98-05-67-96-52-34.wav
615,disgust,95-74-07-62-30-70-52.wav
616,angry,57-39-05-94-42-28-66.wav
617,neutral,03-01-01-01-01-02-08.wav
618,sad,41-48-07-79-91-75-68.wav
619,angry,76-96-05-78-49-53-73.wav
620,sad,69-14-04-66-36-31-48.wav
621,fearful,65-46-06-58-20-10-63.wav
622,disgust,48-13-07-22-33-68-60.wav
623,disgust,46-60-07-69-11-73-56.wav
624,fearful,03-01-06-02-01-02-13.wav
625,disgust,64-91-07-35-46-28-25.wav
626,fearful,49-77-06-74-79-71-64.wav
627,sad,03-01-04-02-01-01-14.wav
628,disgust,21-36-08-69-96-87-20.wav
629,neutral,10-65-01-91-87-84-41.wav
630,neutral,39-52-01-22-54-82-42.wav
631,calm,03-01-02-02-02-01-02.wav
632,sad,98-36-04-62-42-35-38.wav
633,calm,03-02-02-01-01-02-04.wav
634,neutral,77-32-01-61-18-60-26.wav
635,disgust,72-80-07-79-26-50-67.wav
636,surprised,24-12-08-66-42-34-30.wav
637,sad,03-01-03-01-01-01-24.wav
638,angry,42-67-05-82-50-96-66.wav
639,fearful,03-01-02-01-02-01-09.wav
640,angry,03-01-05-02-02-01-13.wav
641,happy,03-02-03-02-01-01-12.wav
642,disgust,25-90-07-34-22-70-50.wav
643,sad,03-01-02-01-02-01-11.wav
644,surprised,65-16-08-37-31-85-54.wav
645,fearful,03-02-06-01-02-01-14.wav
646,surprised,10-46-08-33-25-21-45.wav
647,fearful,03-01-04-02-01-01-17.wav
648,sad,85-96-04-68-78-95-31.wav
649,fearful,38-26-06-85-74-73-30.wav
650,fearful,31-22-06-81-14-50-30.wav
651,surprised,24-48-08-32-58-42-22.wav
652,angry,03-02-05-02-02-01-03.wav
653,surprised,69-62-08-49-25-53-71.wav
654,fearful,69-31-06-85-14-41-44.wav
655,sad,76-85-04-71-48-28-12.wav
656,angry,65-54-05-22-72-95-13.wav
657,fearful,03-01-03-02-02-02-07.wav
658,angry,64-71-05-39-68-81-93.wav
659,sad,03-01-04-01-02-02-13.wav
660,sad,03-01-04-02-01-01-02.wav
661,surprised,11-69-08-14-51-93-55.wav
662,neutral,88-94-01-91-14-16-60.wav
663,disgust,20-63-07-14-94-48-98.wav
664,sad,68-79-04-94-34-45-41.wav
665,angry,59-95-05-55-52-41-32.wav
666,surprised,03-01-03-02-02-02-17.wav
667,sad,03-01-04-02-02-01-06.wav
668,angry,56-71-05-34-40-93-68.wav
669,neutral,92-72-01-15-59-58-95.wav
670,disgust,80-60-07-24-91-13-88.wav
671,surprised,03-01-03-01-01-01-23.wav
672,surprised,03-01-01-01-02-02-02.wav
673,neutral,03-01-01-01-01-01-04.wav
674,sad,03-01-02-02-01-01-08.wav
675,neutral,26-49-01-94-15-16-29.wav
676,sad,03-02-04-01-01-01-20.wav
677,fearful,91-84-06-53-44-22-40.wav
678,neutral,03-01-05-01-02-01-12.wav
679,angry,03-01-07-02-02-02-13.wav
680,sad,03-02-06-01-01-01-02.wav
681,disgust,66-55-07-73-50-17-25.wav
682,happy,03-01-08-01-01-01-04.wav
683,disgust,91-72-07-10-19-38-94.wav
684,calm,03-02-02-02-01-02-12.wav
685,calm,03-02-02-01-02-02-20.wav
686,neutral,03-02-01-01-02-01-20.wav
687,disgust,62-95-07-40-86-15-23.wav
688,happy,03-01-03-01-02-02-04.wav
689,angry,03-02-05-02-01-01-12.wav
690,angry,03-02-05-02-02-01-07.wav
691,disgust,03-01-07-02-02-02-11.wav
692,surprised,36-77-08-34-62-33-76.wav
693,happy,46-14-03-96-68-76-62.wav
694,fearful,50-86-06-58-37-89-61.wav
695,fearful,03-02-06-01-01-02-14.wav
696,angry,03-02-05-01-02-02-01.wav
697,neutral,03-01-03-01-02-01-20.wav
698,happy,10-39-03-59-68-14-64.wav
699,surprised,59-15-08-71-80-57-31.wav
700,happy,45-32-03-16-17-24-67.wav
701,angry,41-93-05-91-89-84-11.wav
702,sad,97-61-04-58-54-84-11.wav
703,angry,95-61-05-75-21-83-82.wav
704,happy,03-01-07-01-02-02-21.wav
705,fearful,03-02-06-02-02-02-11.wav
706,disgust,29-98-07-90-27-81-12.wav
707,fearful,31-93-06-68-32-90-91.wav
708,happy,03-01-05-02-01-01-11.wav
709,sad,80-83-04-30-71-64-73.wav
710,disgust,73-97-07-96-86-82-84.wav
711,disgust,49-25-07-42-81-20-17.wav
712,calm,03-02-02-01-01-01-07.wav
713,calm,03-02-02-01-01-02-09.wav
714,happy,89-81-03-76-39-96-77.wav
715,fearful,33-76-06-71-67-44-74.wav
716,happy,03-02-03-01-02-01-12.wav
717,sad,03-02-04-01-01-01-11.wav
718,disgust,46-84-07-82-37-25-94.wav
719,fearful,03-02-06-01-02-01-15.wav
720,angry,03-01-05-01-02-02-06.wav
721,happy,15-90-03-18-86-64-58.wav
722,surprised,03-01-08-02-01-02-24.wav
723,happy,37-68-03-97-26-56-62.wav
724,neutral,42-53-01-41-95-29-45.wav
725,disgust,81-37-07-64-44-61-15.wav
726,sad,03-02-04-02-01-02-22.wav
727,neutral,68-72-01-92-95-67-24.wav
728,surprised,24-84-08-58-63-90-12.wav
729,sad,78-83-04-16-28-10-47.wav
730,sad,29-73-04-40-12-61-78.wav
731,calm,03-02-02-01-02-02-07.wav
732,angry,73-97-05-82-50-68-52.wav
733,sad,17-48-04-65-25-57-36.wav
734,sad,03-01-02-01-02-02-22.wav
735,sad,95-31-04-91-42-16-39.wav
736,fearful,38-36-06-10-39-68-13.wav
737,calm,03-02-02-02-01-02-19.wav
738,calm,03-01-02-01-01-02-11.wav
739,angry,03-02-05-01-02-01-16.wav
740,sad,43-15-04-77-28-62-46.wav
741,surprised,37-24-08-52-95-30-96.wav
742,angry,03-01-05-02-01-01-13.wav
743,neutral,76-81-01-79-70-15-72.wav
744,fearful,03-01-06-02-01-02-05.wav
745,angry,62-33-05-31-45-55-16.wav
746,happy,58-98-03-29-71-78-88.wav
747,disgust,34-92-07-35-83-44-79.wav
748,angry,56-42-05-89-80-76-44.wav
749,happy,03-01-03-01-01-01-01.wav
750,sad,03-02-04-01-01-02-03.wav
751,sad,82-37-04-53-79-78-16.wav
752,surprised,35-58-08-56-39-70-13.wav
753,neutral,26-67-01-82-53-16-44.wav
754,fearful,03-02-06-02-01-02-24.wav
755,calm,03-01-02-02-01-01-21.wav
756,fearful,03-02-06-01-02-02-03.wav
757,fearful,03-01-01-01-01-01-07.wav
758,sad,03-01-04-01-01-02-18.wav
759,happy,03-01-08-02-01-02-04.wav
760,happy,03-01-04-02-01-01-03.wav
761,disgust,69-39-07-12-17-94-60.wav
762,angry,30-97-05-90-16-45-13.wav
763,fearful,03-01-03-02-01-02-19.wav
764,sad,03-02-04-02-02-02-21.wav
765,surprised,41-60-08-67-21-74-79.wav
766,disgust,03-01-07-02-02-02-24.wav
767,surprised,59-50-08-38-43-80-54.wav
768,neutral,03-02-01-01-02-01-15.wav
769,neutral,26-25-01-69-93-41-75.wav
770,sad,03-02-04-02-01-01-23.wav
771,happy,03-01-05-01-01-02-10.wav
772,fearful,35-95-06-12-20-56-86.wav
773,fearful,15-79-06-64-38-57-41.wav
774,surprised,10-80-08-31-59-50-81.wav
775,disgust,59-90-07-94-82-41-47.wav
776,calm,03-01-02-02-01-01-05.wav
777,surprised,27-11-08-58-54-53-86.wav
778,angry,03-02-05-02-02-02-17.wav
779,angry,03-01-05-02-01-01-14.wav
780,angry,03-02-05-02-02-02-12.wav
781,disgust,78-15-07-35-87-37-10.wav
782,angry,83-37-05-59-14-29-11.wav
783,neutral,58-68-01-89-15-36-73.wav
784,happy,98-94-03-11-80-88-44.wav
785,neutral,32-35-01-97-63-14-50.wav
786,calm,03-01-02-01-01-01-10.wav
787,fearful,11-67-06-71-29-10-72.wav
788,sad,03-01-01-01-02-02-17.wav
789,calm,03-02-02-02-02-01-14.wav
790,angry,63-68-05-91-77-90-15.wav
791,happy,27-93-03-86-18-98-54.wav
792,happy,03-02-03-01-02-01-08.wav
793,angry,67-35-06-32-79-76-54.wav
794,fearful,42-28-06-30-45-48-14.wav
795,angry,46-56-05-88-12-36-79.wav
796,sad,03-02-04-01-02-02-21.wav
797,happy,59-87-03-83-79-96-60.wav
798,neutral,37-12-01-13-45-88-66.wav
799,calm,03-02-02-02-01-02-22.wav
800,happy,03-01-01-01-01-01-06.wav
801,happy,18-97-03-65-55-46-58.wav
802,neutral,74-78-01-89-80-97-76.wav
803,fearful,45-80-06-48-39-10-87.wav
804,fearful,03-02-06-02-01-02-11.wav
805,happy,03-01-03-01-01-02-23.wav
806,neutral,62-27-01-67-37-71-66.wav
807,sad,03-01-03-01-02-02-09.wav
808,sad,03-01-02-01-01-01-24.wav
809,sad,03-01-04-02-02-01-19.wav
810,neutral,70-80-01-52-78-74-54.wav
811,calm,03-02-02-02-02-01-09.wav
812,angry,42-31-05-82-95-23-49.wav
813,happy,03-01-03-01-01-01-15.wav
814,happy,03-02-03-01-02-01-17.wav
815,angry,03-01-05-01-02-01-16.wav
816,sad,38-17-04-70-14-83-48.wav
817,happy,03-02-03-02-02-02-21.wav
818,angry,50-38-05-15-49-59-42.wav
819,surprised,03-01-07-02-01-01-10.wav
820,sad,03-01-03-01-01-02-16.wav
821,happy,65-53-03-74-52-86-31.wav
822,neutral,33-81-01-60-24-47-27.wav
823,neutral,85-32-01-11-17-10-33.wav
824,happy,83-78-03-34-52-35-85.wav
825,neutral,30-66-01-70-75-74-35.wav
826,disgust,36-76-07-23-92-29-24.wav
827,sad,34-39-04-98-57-24-51.wav
828,happy,56-98-03-82-65-85-48.wav
829,neutral,80-57-01-31-45-52-68.wav
830,disgust,54-84-07-81-46-28-56.wav
831,neutral,03-02-01-01-01-01-17.wav
832,angry,64-70-05-60-87-58-33.wav
833,angry,03-02-05-01-02-01-15.wav
834,disgust,03-01-07-02-02-02-07.wav
835,disgust,90-58-07-69-92-94-32.wav
836,neutral,03-01-01-01-01-02-23.wav
837,sad,03-01-04-02-02-01-22.wav
838,neutral,03-01-02-01-02-02-07.wav
839,sad,38-70-04-72-88-51-59.wav
840,angry,03-01-05-02-02-01-07.wav
841,happy,65-54-03-74-39-86-96.wav
842,neutral,39-49-01-82-63-94-96.wav
843,angry,91-19-05-28-90-84-26.wav
844,neutral,95-63-01-27-91-20-42.wav
845,angry,03-01-05-02-02-02-13.wav
846,angry,03-01-07-01-02-02-18.wav
847,angry,57-80-05-79-90-67-65.wav
848,sad,97-85-04-44-23-54-88.wav
849,angry,03-01-05-01-02-02-09.wav
850,sad,03-01-07-01-02-02-08.wav
851,calm,03-01-02-01-02-02-15.wav
852,fearful,03-01-04-01-01-01-11.wav
853,sad,91-48-04-55-74-50-82.wav
854,happy,42-89-03-10-91-53-86.wav
855,disgust,53-33-07-35-61-13-20.wav
856,angry,94-17-05-33-70-58-67.wav
857,sad,03-01-04-01-02-02-23.wav
858,happy,03-02-03-01-02-01-06.wav
859,sad,56-81-04-55-22-54-61.wav
860,neutral,71-35-01-21-75-66-32.wav
861,surprised,03-01-08-02-01-02-02.wav
862,sad,03-02-04-01-01-01-05.wav
863,angry,25-83-07-11-23-53-97.wav
864,surprised,33-82-08-27-18-32-51.wav
865,sad,03-01-01-01-01-01-17.wav
866,fearful,03-02-06-02-02-01-12.wav
867,fearful,03-01-07-01-02-01-10.wav
868,angry,03-02-05-01-02-02-16.wav
869,neutral,24-63-01-31-43-26-72.wav
870,fearful,03-01-04-01-02-01-14.wav
871,fearful,86-46-06-94-88-17-70.wav
872,surprised,78-19-08-42-44-32-39.wav
873,surprised,82-42-08-19-25-52-83.wav
874,neutral,37-64-01-35-46-91-17.wav
875,angry,03-02-05-02-02-01-08.wav
876,fearful,48-22-06-49-46-51-91.wav
877,happy,67-57-03-11-66-69-46.wav
878,angry,50-42-05-20-96-32-91.wav
879,sad,88-37-04-97-63-12-32.wav
880,surprised,42-43-08-55-10-44-29.wav
881,angry,23-91-05-11-34-69-59.wav
882,surprised,82-20-08-67-90-19-36.wav
883,fearful,03-01-06-02-02-02-21.wav
884,fearful,03-01-06-02-01-02-16.wav
885,fearful,44-96-06-10-28-39-55.wav
886,surprised,03-01-08-01-01-02-05.wav
887,surprised,26-97-08-18-93-73-66.wav
888,surprised,15-30-08-64-32-14-21.wav
889,fearful,33-43-06-95-34-67-47.wav
890,surprised,76-38-08-50-73-51-23.wav
891,fearful,45-49-06-60-52-15-62.wav
892,surprised,87-78-08-14-89-76-20.wav
893,surprised,46-21-08-76-68-65-13.wav
894,neutral,03-02-01-01-02-01-03.wav
895,surprised,70-27-08-51-78-30-80.wav
896,fearful,03-02-06-02-01-01-07.wav
897,calm,03-02-02-02-01-01-23.wav
898,happy,48-53-03-92-87-49-84.wav
899,fearful,32-44-06-52-13-49-58.wav
900,surprised,73-12-08-50-33-47-77.wav
901,neutral,14-92-01-36-59-33-67.wav
902,sad,03-02-04-01-01-02-22.wav
903,happy,03-02-03-02-01-01-19.wav
904,happy,18-24-03-38-77-91-84.wav
905,neutral,03-01-01-01-01-02-24.wav
906,happy,03-01-06-02-01-01-10.wav
907,happy,14-29-03-10-87-82-91.wav
908,happy,43-28-03-44-68-30-50.wav
909,disgust,03-01-07-01-01-01-20.wav
910,surprised,21-29-08-11-89-67-69.wav
911,angry,03-02-05-01-02-02-20.wav
912,angry,03-02-05-01-02-02-05.wav
913,happy,88-98-03-87-17-91-65.wav
914,disgust,91-34-07-76-97-87-19.wav
915,fearful,03-01-06-02-01-02-20.wav
916,happy,03-02-04-02-01-02-15.wav
917,surprised,85-68-08-79-70-47-87.wav
918,happy,95-49-03-15-65-66-86.wav
919,surprised,19-53-08-69-44-66-14.wav
920,surprised,03-01-05-01-02-02-14.wav
921,fearful,03-02-06-02-02-02-17.wav
922,fearful,27-86-06-26-65-88-42.wav
923,neutral,80-20-01-16-36-95-14.wav
924,surprised,10-36-08-60-57-83-43.wav
925,happy,70-62-03-45-46-52-97.wav
926,happy,03-02-03-01-01-02-22.wav
927,calm,03-02-02-01-01-01-14.wav
928,fearful,03-01-04-02-02-01-16.wav
929,happy,03-01-03-02-02-01-07.wav
930,angry,03-01-05-02-01-02-21.wav
931,angry,03-02-05-01-02-02-11.wav
932,fearful,03-01-01-01-02-01-14.wav
933,disgust,49-21-07-41-88-67-74.wav
934,calm,03-02-02-01-01-01-02.wav
935,angry,26-39-05-93-91-50-29.wav
936,sad,85-81-07-65-76-11-60.wav
937,sad,03-01-06-01-01-01-14.wav
938,neutral,27-80-01-68-63-51-13.wav
939,surprised,34-87-08-14-57-38-62.wav
940,surprised,94-19-08-33-16-71-88.wav
941,angry,54-95-05-27-53-49-52.wav
942,angry,03-01-01-01-01-02-05.wav
943,sad,66-21-04-58-93-87-59.wav
944,happy,03-01-03-01-01-01-10.wav
945,angry,93-56-05-26-68-44-18.wav
946,angry,33-36-05-27-45-17-41.wav
947,sad,03-01-02-02-02-01-20.wav
948,happy,96-85-03-39-23-32-89.wav
949,sad,03-02-04-01-02-02-20.wav
950,angry,35-79-05-74-45-28-86.wav
951,disgust,61-23-07-17-92-57-67.wav
952,fearful,03-02-06-02-02-02-06.wav
953,surprised,10-26-08-65-49-62-19.wav
954,disgust,53-18-07-11-67-35-89.wav
955,surprised,68-66-08-22-95-27-25.wav
956,angry,03-01-03-02-02-01-10.wav
957,fearful,03-02-05-01-02-01-11.wav
958,neutral,22-30-01-91-63-81-76.wav
959,fearful,69-60-06-79-74-31-81.wav
960,neutral,90-54-01-77-96-17-29.wav
961,calm,03-01-01-01-02-01-07.wav
962,angry,56-95-05-15-89-51-26.wav
963,happy,03-01-03-02-01-01-21.wav
964,sad,97-57-04-52-90-76-89.wav
965,fearful,22-70-06-94-17-60-24.wav
966,sad,03-01-04-02-02-02-22.wav
967,surprised,03-01-08-01-02-01-13.wav
968,sad,03-02-04-01-01-02-04.wav
969,angry,10-88-05-70-55-38-46.wav
970,angry,42-62-05-59-12-67-24.wav
971,sad,10-76-04-23-57-78-18.wav
972,fearful,03-01-03-01-02-01-11.wav
973,happy,50-41-03-81-16-67-19.wav
974,sad,49-43-04-88-75-37-18.wav
975,sad,03-01-02-01-02-02-16.wav
976,angry,16-85-05-49-95-12-62.wav
977,sad,57-30-04-14-21-47-49.wav
978,sad,98-74-04-48-15-42-35.wav
979,sad,34-12-04-19-96-68-65.wav
980,happy,45-10-03-97-34-62-30.wav
981,fearful,03-01-04-02-01-01-19.wav
982,sad,57-51-04-76-27-16-43.wav
983,surprised,33-38-08-34-92-19-80.wav
984,fearful,03-02-04-02-01-02-17.wav
985,fearful,03-01-06-02-02-02-24.wav
986,surprised,57-24-08-45-38-36-81.wav
987,sad,03-01-02-01-02-02-08.wav
988,happy,52-77-03-26-23-19-14.wav
989,surprised,03-01-08-01-02-02-22.wav
990,neutral,79-90-01-17-66-74-55.wav
991,surprised,03-01-08-02-01-01-22.wav
992,fearful,29-42-06-89-68-72-66.wav
993,disgust,51-36-07-53-68-84-17.wav
994,neutral,42-64-01-59-54-20-83.wav
995,angry,67-17-05-95-59-86-18.wav
996,surprised,72-35-08-89-86-64-14.wav
997,happy,03-02-06-02-02-01-14.wav
998,neutral,74-73-01-86-52-97-22.wav
999,neutral,03-01-08-01-02-02-19.wav
1000,fearful,55-11-06-41-49-39-33.wav
1001,surprised,75-70-08-18-38-26-82.wav
1002,disgust,23-98-07-26-81-97-83.wav
1003,happy,03-01-08-02-02-02-10.wav
1004,sad,54-69-04-53-50-44-85.wav
1005,sad,35-38-04-54-78-23-45.wav
1006,angry,03-01-07-02-02-01-09.wav
1007,happy,29-96-03-65-58-48-36.wav
1008,neutral,03-01-03-01-01-01-22.wav
1009,surprised,03-01-03-01-01-02-09.wav
1010,happy,32-97-03-74-73-45-28.wav
1011,fearful,03-02-04-02-01-02-09.wav
1012,angry,93-80-05-38-10-44-52.wav
1013,angry,03-02-06-02-01-01-11.wav
1014,happy,03-01-03-02-01-02-15.wav
1015,disgust,03-01-08-01-02-01-20.wav
1016,angry,03-01-04-01-02-02-17.wav
1017,sad,89-37-04-25-94-83-43.wav
1018,sad,03-01-01-01-02-01-05.wav
1019,sad,03-02-06-01-02-02-10.wav
1020,angry,58-46-05-88-13-67-78.wav
1021,sad,03-01-01-01-02-02-01.wav
1022,happy,92-67-03-93-33-47-19.wav
1023,angry,37-30-05-76-11-22-82.wav
1024,disgust,38-89-07-57-66-33-12.wav
1025,calm,03-02-02-02-01-01-21.wav
1026,fearful,03-01-06-02-01-02-18.wav
1027,angry,66-21-05-72-11-55-49.wav
1028,fearful,03-01-07-02-02-01-23.wav
1029,happy,03-02-03-01-02-01-21.wav
1030,happy,03-01-05-01-02-02-22.wav
1031,neutral,11-81-01-64-44-49-43.wav
1032,happy,03-02-03-01-02-02-21.wav
1033,surprised,81-24-08-64-14-98-21.wav
1034,sad,03-01-04-02-02-01-23.wav
1035,happy,80-78-03-44-56-52-61.wav
1036,happy,03-02-02-01-01-01-13.wav
1037,fearful,35-58-06-53-91-67-22.wav
1038,sad,03-02-04-01-02-01-22.wav
1039,happy,03-01-08-02-02-02-20.wav
1040,fearful,03-01-06-02-02-02-04.wav
1041,disgust,29-68-07-94-64-60-41.wav
1042,happy,03-01-03-02-02-01-02.wav
1043,neutral,82-62-01-51-96-42-88.wav
1044,sad,42-52-04-76-55-27-67.wav
1045,sad,03-02-04-01-01-02-12.wav
1046,surprised,57-25-08-15-66-71-53.wav
1047,angry,03-02-06-02-01-02-15.wav
1048,surprised,70-82-08-26-43-57-68.wav
1049,sad,03-01-04-01-02-02-04.wav
1050,angry,37-53-05-12-44-36-13.wav
1051,neutral,45-77-01-61-85-39-87.wav
1052,neutral,10-76-01-45-63-31-92.wav
1053,calm,03-02-02-01-01-01-01.wav
1054,sad,39-53-04-27-45-60-16.wav
1055,happy,03-02-03-01-01-01-01.wav
1056,fearful,03-01-06-01-01-01-03.wav
1057,sad,03-02-01-01-01-02-09.wav
1058,surprised,03-01-08-01-01-02-24.wav
1059,neutral,24-37-01-23-91-11-18.wav
1060,angry,20-74-05-24-12-52-94.wav
1061,sad,03-01-02-01-01-01-14.wav
1062,neutral,28-90-01-80-95-46-23.wav
1063,surprised,03-01-08-01-02-01-19.wav
1064,sad,03-01-01-01-02-01-12.wav
1065,fearful,88-27-06-64-68-78-54.wav
1066,happy,03-01-08-01-01-01-21.wav
1067,sad,43-96-04-37-76-95-78.wav
1068,sad,76-97-04-49-73-66-83.wav
1069,sad,03-02-04-01-02-01-08.wav
1070,neutral,87-38-01-22-18-64-96.wav
1071,surprised,66-93-08-43-22-31-49.wav
1072,neutral,53-95-01-71-15-20-49.wav
1073,angry,03-02-05-02-02-01-05.wav
1074,angry,26-42-05-53-86-46-83.wav
1075,surprised,03-01-08-01-02-01-06.wav
1076,angry,94-85-05-32-27-33-38.wav
1077,happy,03-01-08-01-02-01-05.wav
1078,calm,03-02-03-01-02-01-14.wav
1079,fearful,03-01-06-02-02-02-17.wav
1080,happy,03-01-03-02-02-01-05.wav
1081,happy,11-46-03-10-34-29-26.wav
1082,fearful,87-92-06-16-15-53-81.wav
1083,neutral,03-02-01-01-02-01-10.wav
1084,angry,03-01-08-01-02-02-09.wav
1085,happy,83-58-03-15-42-33-59.wav
1086,happy,84-51-03-43-15-23-90.wav
1087,sad,76-13-04-93-14-47-77.wav
1088,sad,26-97-04-49-82-84-32.wav
1089,neutral,79-54-01-48-87-29-57.wav
1090,sad,36-95-04-59-78-74-58.wav
1091,disgust,77-16-07-42-64-68-48.wav
1092,disgust,33-69-07-98-17-54-35.wav
1093,angry,03-01-05-02-01-02-05.wav
1094,sad,03-01-07-01-01-01-04.wav
1095,angry,88-21-05-15-89-64-72.wav
1096,calm,03-02-02-01-01-01-16.wav
1097,sad,03-01-08-01-01-01-19.wav
1098,angry,91-43-05-29-25-15-36.wav
1099,angry,33-28-05-24-38-11-63.wav
1100,sad,03-02-06-01-02-02-02.wav
1101,sad,03-02-04-02-02-01-19.wav
1102,angry,89-46-05-66-21-75-56.wav
1103,fearful,03-02-06-02-02-02-22.wav
1104,angry,64-41-05-92-90-58-43.wav
1105,happy,03-02-03-02-01-01-08.wav
1106,happy,03-02-03-02-02-02-20.wav
1107,fearful,03-01-06-01-01-01-17.wav
1108,surprised,86-85-08-16-93-80-76.wav
1109,angry,03-02-05-01-01-01-05.wav
1110,surprised,57-16-08-93-32-37-29.wav
1111,fearful,82-70-06-21-93-74-81.wav
1112,fearful,55-40-06-59-11-43-97.wav
1113,neutral,56-86-01-42-58-14-43.wav
1114,happy,37-43-03-91-65-76-18.wav
1115,sad,03-01-02-01-02-01-22.wav
1116,neutral,03-02-01-01-02-02-02.wav
1117,sad,29-43-04-71-73-85-52.wav
1118,disgust,14-81-07-64-11-52-71.wav
1119,disgust,03-01-03-01-02-02-03.wav
1120,fearful,19-56-06-24-46-75-93.wav
1121,disgust,13-18-07-58-50-35-51.wav
1122,sad,03-01-02-01-01-02-22.wav
1123,calm,03-02-02-01-01-01-06.wav
1124,neutral,37-43-01-60-33-28-24.wav
1125,fearful,03-01-06-02-02-02-08.wav
1126,happy,77-61-03-64-55-29-96.wav
1127,happy,31-36-03-68-35-58-94.wav
1128,happy,03-02-03-02-02-02-13.wav
1129,sad,03-02-04-01-01-01-01.wav
1130,fearful,03-02-04-02-02-02-10.wav
1131,surprised,10-25-08-11-91-33-80.wav
1132,neutral,15-60-01-13-11-31-39.wav
1133,surprised,10-15-08-82-57-43-67.wav
1134,sad,03-02-06-01-01-02-09.wav
1135,sad,03-02-04-01-02-01-15.wav
1136,fearful,03-02-06-02-02-02-07.wav
1137,angry,03-02-05-02-01-02-01.wav
1138,fearful,62-33-06-94-15-65-93.wav
1139,happy,03-01-03-02-01-01-12.wav
1140,fearful,03-02-06-01-02-02-07.wav
1141,angry,03-01-05-01-02-01-19.wav
1142,sad,38-35-04-97-12-68-26.wav
1143,happy,03-02-03-02-02-01-10.wav
1144,fearful,03-02-06-01-02-02-23.wav
1145,fearful,74-95-06-37-85-91-86.wav
1146,neutral,75-56-01-58-57-39-72.wav
1147,fearful,03-01-04-02-02-02-15.wav
1148,disgust,15-82-07-78-81-52-42.wav
1149,disgust,03-01-07-01-02-02-02.wav
1150,fearful,03-01-08-01-02-01-01.wav
1151,happy,03-01-06-02-01-01-19.wav
1152,angry,03-02-05-02-02-01-21.wav
1153,sad,18-17-04-81-56-35-86.wav
1154,sad,03-01-02-01-02-01-06.wav
1155,sad,57-65-04-16-24-95-37.wav
1156,disgust,03-01-07-01-02-02-24.wav
1157,neutral,03-01-01-01-01-01-20.wav
1158,calm,03-02-02-01-02-01-19.wav
1159,angry,65-27-05-82-77-62-28.wav
1160,disgust,03-01-05-01-01-01-03.wav
1161,neutral,96-22-01-35-33-90-23.wav
1162,happy,03-02-03-02-02-01-15.wav
1163,fearful,97-55-06-47-37-18-10.wav
1164,happy,03-02-03-02-01-02-11.wav
1165,disgust,03-01-07-02-02-01-11.wav
1166,sad,03-01-04-02-01-01-04.wav
1167,angry,03-01-05-01-02-01-24.wav
1168,sad,03-02-04-02-01-02-11.wav
1169,fearful,03-01-08-01-01-02-20.wav
1170,fearful,50-16-06-46-93-13-96.wav
1171,surprised,76-52-08-85-95-34-33.wav
1172,sad,12-67-04-83-68-22-74.wav
1173,angry,92-67-05-43-63-15-94.wav
1174,happy,03-01-03-02-02-01-18.wav
1175,fearful,03-01-06-02-02-01-09.wav
1176,sad,38-87-04-84-49-36-74.wav
1177,fearful,03-01-07-01-01-01-17.wav
1178,calm,03-02-02-01-01-01-22.wav
1179,surprised,95-76-08-27-87-11-47.wav
1180,happy,78-82-03-49-54-44-18.wav
1181,fearful,76-73-06-75-19-12-54.wav
1182,angry,43-96-05-17-38-59-33.wav
1183,sad,90-16-04-40-35-68-58.wav
1184,calm,03-02-02-01-02-02-03.wav
1185,neutral,03-01-01-01-02-02-04.wav
1186,sad,03-01-02-01-01-01-12.wav
1187,angry,81-54-05-24-67-91-13.wav
1188,surprised,10-34-08-14-59-52-38.wav
1189,neutral,52-75-01-71-27-42-64.wav
1190,disgust,36-86-07-41-28-22-96.wav
1191,angry,60-85-05-37-35-38-34.wav
1192,fearful,55-41-06-47-31-29-23.wav
1193,disgust,75-57-07-32-40-90-70.wav
1194,surprised,73-83-08-29-27-91-28.wav
1195,happy,50-39-03-89-41-84-16.wav
1196,happy,70-46-03-54-25-66-91.wav
1197,happy,03-02-03-01-01-01-06.wav
1198,surprised,98-69-08-18-30-19-81.wav
1199,fearful,03-01-03-01-02-01-10.wav
1200,disgust,79-72-07-75-68-11-33.wav
1201,sad,82-94-04-63-35-68-90.wav
1202,sad,03-02-04-01-01-01-03.wav
1203,angry,03-01-05-02-02-01-10.wav
1204,happy,03-01-03-01-02-02-06.wav
1205,sad,03-02-06-01-02-02-06.wav
1206,angry,28-42-05-66-41-19-14.wav
1207,sad,03-01-02-02-01-01-19.wav
1208,angry,39-31-05-92-44-42-98.wav
1209,fearful,03-01-05-01-01-01-07.wav
1210,disgust,32-65-07-33-93-68-79.wav
1211,happy,03-02-02-01-02-02-01.wav
1212,angry,03-01-05-01-02-01-21.wav
1213,angry,16-88-05-86-35-32-63.wav
1214,neutral,69-32-01-88-48-29-76.wav
1215,angry,03-01-05-02-01-02-10.wav
1216,happy,80-11-03-20-59-78-49.wav
1217,disgust,78-42-07-50-74-46-83.wav
1218,sad,59-25-04-27-87-33-73.wav
1219,sad,33-65-04-39-61-55-46.wav
1220,disgust,72-50-07-87-53-18-98.wav
1221,surprised,58-66-08-63-92-45-77.wav
1222,happy,03-02-03-01-02-01-02.wav
1223,disgust,91-10-07-31-58-72-20.wav
1224,fearful,95-50-06-59-12-26-86.wav
1225,sad,03-01-04-01-01-01-08.wav
1226,sad,03-02-04-01-02-01-03.wav
1227,fearful,03-01-06-01-01-02-17.wav
1228,angry,03-02-05-02-01-02-13.wav
1229,neutral,29-80-01-18-87-39-67.wav
1230,happy,31-73-03-38-14-63-29.wav
1231,fearful,31-70-06-72-10-28-22.wav
1232,happy,10-83-03-58-59-87-35.wav
1233,sad,03-01-02-02-02-02-24.wav
1234,sad,03-01-08-02-02-01-06.wav
1235,disgust,83-20-07-45-90-64-98.wav
1236,fearful,03-01-06-02-01-02-06.wav
1237,angry,93-45-05-29-23-59-85.wav
1238,calm,03-02-02-02-02-01-07.wav
1239,neutral,84-56-01-13-34-53-71.wav
1240,happy,50-64-03-48-26-29-16.wav
1241,sad,03-01-02-01-02-02-12.wav
1242,happy,84-67-03-50-16-14-58.wav
1243,angry,03-01-05-01-02-01-07.wav
1244,fearful,03-02-04-02-01-02-24.wav
1245,sad,46-56-04-49-54-47-87.wav
1246,angry,60-15-05-48-71-68-16.wav
1247,neutral,95-84-01-66-27-77-53.wav
1248,neutral,29-33-01-75-43-65-94.wav
1249,fearful,03-02-05-01-02-02-24.wav
1250,disgust,03-01-07-01-02-01-03.wav
1251,happy,68-87-03-75-50-51-49.wav
1252,happy,21-54-08-86-66-17-91.wav
1253,fearful,03-01-02-01-02-01-16.wav
1254,sad,69-57-04-76-93-17-54.wav
1255,angry,49-32-05-15-46-56-88.wav
1256,surprised,25-21-08-86-55-45-37.wav
1257,fearful,03-01-06-02-01-02-19.wav
1258,neutral,57-67-01-10-89-83-86.wav
1259,neutral,91-35-01-27-59-17-61.wav
1260,calm,03-02-02-02-02-01-03.wav
1261,neutral,86-56-01-58-22-55-39.wav
1262,happy,03-02-03-01-01-01-19.wav
1263,disgust,42-63-07-62-39-78-19.wav
1264,calm,03-01-02-02-02-02-21.wav
1265,fearful,03-01-06-02-01-01-06.wav
1266,sad,03-02-04-02-01-02-23.wav
1267,surprised,03-01-08-02-02-02-07.wav
1268,surprised,72-83-08-90-50-47-41.wav
1269,sad,03-01-01-01-01-02-14.wav
1270,calm,03-01-02-01-02-01-01.wav
1271,neutral,31-66-01-32-27-22-71.wav
1272,sad,95-26-04-67-93-79-14.wav
1273,calm,03-01-02-01-01-02-01.wav
1274,surprised,82-76-08-63-26-40-22.wav
1275,sad,91-45-04-76-69-24-44.wav
1276,angry,72-20-05-97-19-13-42.wav
1277,disgust,17-48-07-97-79-84-28.wav
1278,sad,03-01-04-02-01-02-20.wav
1279,fearful,70-46-06-35-88-63-55.wav
1280,surprised,35-67-08-28-92-41-37.wav
1281,disgust,63-11-07-85-45-60-10.wav
1282,happy,03-01-08-02-01-02-05.wav
1283,happy,75-26-03-38-18-32-90.wav
1284,angry,03-02-05-02-02-01-19.wav
1285,surprised,50-21-08-10-11-77-26.wav
1286,angry,26-42-05-46-70-78-74.wav
1287,happy,03-02-02-02-02-02-23.wav
1288,neutral,03-02-01-01-02-01-02.wav
1289,disgust,83-29-07-13-60-38-84.wav
1290,happy,03-01-03-01-01-02-07.wav
1291,surprised,03-01-04-01-01-01-15.wav
1292,happy,26-65-03-13-61-50-51.wav
1293,neutral,03-02-01-01-02-01-21.wav
1294,fearful,03-01-06-01-02-02-19.wav
1295,sad,55-31-04-92-32-60-38.wav
1296,disgust,83-60-07-57-43-75-32.wav
1297,fearful,67-87-06-55-17-29-50.wav
1298,sad,25-88-04-55-35-38-94.wav
1299,happy,94-61-03-50-46-26-74.wav
1300,calm,03-01-02-02-02-01-10.wav
1301,calm,03-02-02-01-01-01-09.wav
1302,fearful,03-01-05-01-01-02-06.wav
1303,sad,03-01-04-02-01-02-12.wav
1304,sad,03-02-06-01-01-02-02.wav
1305,sad,75-77-04-68-60-48-38.wav
1306,neutral,47-13-01-52-61-12-30.wav
1307,angry,03-01-07-02-02-02-21.wav
1308,angry,03-01-05-02-01-01-24.wav
1309,sad,15-87-04-88-47-39-12.wav
1310,sad,38-94-04-98-85-40-57.wav
1311,happy,03-01-03-01-02-02-21.wav
1312,sad,03-02-04-02-01-01-16.wav
